T(K);T1(s);fr(MHz);r;y0;s;dT1;popts0;popts1;popts2;popts3;integral left;integral right;SHL;phase;mirroring;TAU(us);D1(us);D2(us);D3(us);D9(ms);NS
80.0;0.004045258098471669;56.14;0.69232235972865;1445.4422361048667;0.5373160065788638;8.421712104693757e-05;0.004045258098471669;1445.4422361048667;0.5373160065788638;0.69232235972865;4086;4105;334;-0.11020751604464751;True;100.0;5.0;9.5;25.0;50;128
85.0;0.004712892024776681;56.142;0.7034895022792544;1469.4267863682146;0.5315060489012876;9.434970376981182e-05;0.004712892024776681;1469.4267863682146;0.5315060489012876;0.7034895022792544;4086;4105;333;-0.035202026585962796;True;100.0;5.0;9.5;25.0;50;128
90.0;0.005408999997044512;56.143;0.7192864786095516;1501.1946036454049;0.5282635859578261;0.00011549498290358761;0.005408999997044512;1501.1946036454049;0.5282635859578261;0.7192864786095516;4086;4105;333;-0.037027652424575175;True;100.0;5.0;9.5;25.0;50;128
95.0;0.005168721556083305;56.144;0.7088645219859678;1512.480588939973;0.5269315072260768;0.00010694480397920836;0.005168721556083305;1512.480588939973;0.5269315072260768;0.7088645219859678;4086;4105;331;0.05601126300103012;True;100.0;5.0;9.5;25.0;50;128
