T(K);T1(s);fr(MHz);r;y0;s;dT1;popts0;popts1;popts2;popts3;integral left;integral right;SHL;phase;mirroring;TAU(us);D1(us);D2(us);D3(us);D9(ms);NS
135.0;0.015919195124087494;56.15;0.7884885284083702;1576.4982669195185;0.39073695732141767;0.0003336085029343935;0.015919195124087494;1576.4982669195185;0.39073695732141767;0.7884885284083702;4081;4107;344;1.2603927323966515;True;100.0;7.0;12.0;25.0;100;128
